date,time,sender_domain,from_free_provider,subject_length,body_length,num_exclamations,contains_link,has_attachment,spam_keyword_count,is_spam
2025-07-06,09:28,outlook.com,1,62,1528,1,1,1,0,1
2025-01-03,13:01,banco.com.co,0,36,805,0,0,0,0,0
2025-01-06,21:39,startup.io,0,48,875,0,0,0,0,0
2024-10-09,12:30,outlook.com,1,70,1286,0,1,0,0,0
2025-02-02,15:43,startup.io,0,56,728,0,0,1,0,0
2025-05-05,16:27,tienda.com.co,0,24,756,1,0,0,0,0
2024-12-31,17:38,startup.io,0,5,223,3,1,1,3,1
2025-04-19,12:23,proton.me,1,69,2023,2,1,1,2,1
2024-10-24,02:33,gobierno.gov.co,0,63,354,2,0,0,2,1
2024-11-04,13:36,gmail.com,1,54,474,0,1,0,0,0
2025-03-05,17:23,proveedor.co,0,21,580,6,0,0,0,1
2024-09-09,23:31,proton.me,1,23,74,3,1,0,4,1
2024-11-03,21:36,proton.me,1,74,142,2,0,0,2,1
2025-06-05,04:11,yahoo.com,1,24,189,2,1,0,1,1
2025-02-20,01:57,banco.com.co,0,21,416,0,0,0,0,0
2024-09-06,20:34,empresa.com,0,41,83,2,1,0,5,1
2024-09-10,13:09,udec.edu.co,0,53,787,2,0,0,0,0
2025-05-29,11:10,gobierno.gov.co,0,49,1055,0,1,1,1,0
2024-10-16,10:41,hotmail.com,1,30,454,3,1,1,3,1
2025-08-21,07:27,outlook.com,1,41,431,1,0,0,3,1
2025-03-20,12:36,empresa.com,0,30,1001,1,0,0,0,0
2025-01-02,16:32,empresa.com,0,55,520,0,0,1,0,0
2025-07-23,20:25,tienda.com.co,0,107,1283,1,1,0,3,1
2025-02-13,09:58,proton.me,1,66,577,0,1,0,0,0
2025-03-08,03:49,gmail.com,1,37,1912,1,1,0,3,1
2025-04-10,08:36,startup.io,0,18,1105,2,0,1,0,0
2024-10-17,03:37,yahoo.com,1,16,347,3,1,1,1,1
2025-03-10,01:06,outlook.com,1,58,336,0,1,0,1,1
2024-11-04,08:47,udec.edu.co,0,36,782,0,0,0,0,0
2025-05-15,03:16,gmail.com,1,5,168,2,1,0,1,1
2025-05-13,13:38,empresa.com,0,52,1000,0,0,1,0,0
2025-05-26,08:28,empresa.com,0,46,197,2,0,0,0,0
2024-12-03,07:14,proveedor.co,0,40,587,0,0,0,0,0
2025-02-24,23:36,banco.com.co,0,26,1561,0,1,0,1,1
2025-03-15,20:55,outlook.com,1,13,301,2,1,1,1,1
2025-04-01,15:06,startup.io,0,49,693,0,0,0,0,0
2025-02-17,12:01,gmail.com,1,57,474,0,0,1,0,0
2025-03-12,22:27,gmail.com,1,44,1330,0,0,0,0,0
2024-12-30,09:09,empresa.com,0,42,806,2,0,0,0,0
2025-01-14,15:31,gmail.com,1,27,227,0,0,0,0,0
2025-05-02,21:35,proveedor.co,0,35,411,10,1,0,3,1
2025-03-20,10:26,startup.io,0,64,339,2,1,0,3,1
2025-02-05,01:44,proveedor.co,0,121,295,2,0,0,5,1
2025-03-22,03:16,banco.com.co,0,83,50,1,0,0,4,1
2024-10-16,02:19,hotmail.com,1,20,966,4,0,0,3,1
2024-12-18,17:10,hotmail.com,1,54,393,4,1,1,5,1
2025-07-19,20:58,hotmail.com,1,39,330,0,0,0,0,0
2025-06-17,20:20,hotmail.com,1,26,216,1,1,0,2,1
2025-07-14,21:21,empresa.com,0,13,322,0,1,0,1,1
2024-10-30,04:56,banco.com.co,0,103,1285,0,1,0,4,1
2025-06-24,14:31,proveedor.co,0,86,334,4,1,0,6,1
2025-02-16,22:02,banco.com.co,0,31,389,2,1,1,0,1
2025-03-30,14:14,multired.com.co,0,46,895,0,0,0,0,0
2025-06-26,10:38,tienda.com.co,0,19,636,0,0,0,0,0
2024-12-22,14:01,tienda.com.co,0,30,367,0,0,0,0,0
2025-01-29,05:14,startup.io,0,21,1247,4,0,0,4,1
2025-01-04,21:16,tienda.com.co,0,97,184,1,1,0,2,1
2024-11-08,14:50,empresa.com,0,46,1079,1,0,1,0,0
2024-12-22,13:07,proveedor.co,0,33,1297,1,0,0,0,0
2025-07-28,09:13,proveedor.co,0,78,1121,2,1,0,1,1
2025-03-04,13:52,gobierno.gov.co,0,28,899,1,0,0,0,0
2024-10-26,08:02,outlook.com,1,124,270,2,0,0,0,1
2025-04-06,09:27,proton.me,1,12,156,3,1,0,2,1
2025-04-12,14:14,gmail.com,1,72,504,0,1,0,2,1
2024-09-25,11:08,gobierno.gov.co,0,31,1034,0,0,0,0,0
2024-09-24,13:56,proveedor.co,0,58,769,0,0,1,0,0
2025-06-22,13:34,multired.com.co,0,34,1502,0,0,0,1,1
2024-11-03,10:47,hotmail.com,1,29,1028,1,0,0,0,0
2025-01-20,17:03,proveedor.co,0,66,687,0,0,0,0,0
2025-03-23,11:17,empresa.com,0,60,1486,0,1,1,2,0
2024-11-28,17:59,proveedor.co,0,44,1139,1,0,1,0,0
2025-01-06,09:45,proton.me,1,36,596,0,0,0,0,0
2024-12-22,10:23,proveedor.co,0,32,747,1,0,0,0,0
2025-05-02,17:29,empresa.com,0,45,1032,1,0,0,0,0
2025-06-03,11:02,proton.me,1,23,665,0,0,1,0,0
2025-05-10,15:33,yahoo.com,1,21,351,3,1,1,4,1
2024-09-19,10:53,outlook.com,1,31,293,1,0,1,1,1
2025-07-23,13:35,outlook.com,1,100,908,0,1,0,4,1
2024-09-30,09:09,tienda.com.co,0,59,1558,0,0,1,0,0
2025-07-26,23:09,outlook.com,1,26,50,1,1,0,3,1
2024-11-13,11:16,gmail.com,1,41,309,1,1,0,0,1
2025-08-12,07:22,yahoo.com,1,17,368,2,1,1,4,1
2024-12-19,21:28,yahoo.com,1,19,1495,2,0,0,3,1
2024-09-12,13:40,gmail.com,1,60,820,0,0,0,1,0
2025-02-24,20:18,gmail.com,1,99,634,4,1,0,2,1
2025-02-03,23:31,gmail.com,1,22,1389,0,1,1,2,1
2025-02-04,13:40,outlook.com,1,27,506,0,0,1,0,0
2024-11-15,03:46,hotmail.com,1,71,468,3,1,1,1,1
2024-12-13,13:37,udec.edu.co,0,22,438,3,1,0,2,1
2024-11-29,02:24,proton.me,1,76,1093,2,1,1,2,1
2025-02-24,08:31,proton.me,1,53,582,1,0,0,0,0
2025-04-01,14:55,outlook.com,1,28,50,3,0,0,3,1
2025-07-19,00:39,proveedor.co,0,77,1883,2,0,0,5,1
2025-06-27,02:43,udec.edu.co,0,95,2063,3,1,0,2,1
2024-12-05,17:26,yahoo.com,1,36,1486,2,1,0,3,1
2024-11-06,11:41,multired.com.co,0,35,395,3,0,0,6,1
2025-03-13,22:40,gmail.com,1,95,194,1,0,0,1,1
2025-06-08,23:43,outlook.com,1,22,195,1,1,0,2,1
2025-04-26,23:14,hotmail.com,1,27,1004,1,0,0,3,1
2024-12-17,15:20,hotmail.com,1,39,320,1,0,0,0,0
2024-12-08,08:31,multired.com.co,0,36,742,0,0,0,1,0
2025-05-18,05:26,outlook.com,1,74,1120,2,1,0,1,1
2025-03-22,17:43,outlook.com,1,64,1067,1,0,0,0,0
2024-09-23,17:32,proton.me,1,49,394,0,0,1,1,0
2025-01-11,14:36,multired.com.co,0,72,407,2,1,1,5,1
2025-05-18,23:44,empresa.com,0,76,271,0,0,0,0,0
2025-01-15,01:21,gobierno.gov.co,0,31,1539,3,1,0,6,1
2024-10-09,20:46,outlook.com,1,66,268,0,1,0,0,1
2025-06-27,17:31,outlook.com,1,57,895,0,0,1,0,0
2025-02-18,17:51,gmail.com,1,27,999,0,1,1,0,0
2025-01-19,05:55,tienda.com.co,0,62,1253,1,0,0,0,0
2024-11-17,20:08,banco.com.co,0,22,989,5,0,1,4,1
2024-10-31,23:29,proveedor.co,0,17,847,0,0,0,0,0
2025-05-17,23:43,outlook.com,1,50,450,3,1,0,3,1
2025-03-26,14:51,yahoo.com,1,63,1210,1,1,1,0,0
2025-05-22,17:45,yahoo.com,1,18,364,2,0,0,4,1
2024-09-12,23:34,proton.me,1,36,355,4,1,0,2,1
2024-09-30,17:57,empresa.com,0,21,191,1,0,0,0,0
2025-04-19,08:27,gobierno.gov.co,0,59,551,1,1,0,0,0
2025-04-13,11:00,startup.io,0,52,901,1,0,0,0,0
2025-01-31,11:00,gobierno.gov.co,0,13,261,4,1,0,2,1
2025-02-10,08:46,gmail.com,1,26,785,0,0,0,0,0
2024-12-02,16:52,empresa.com,0,81,1452,0,1,0,2,1
2025-05-29,03:03,yahoo.com,1,9,927,2,1,1,2,1
2025-06-07,04:45,yahoo.com,1,101,553,2,1,0,3,1
2024-09-03,02:40,multired.com.co,0,30,154,1,0,0,1,1
2025-06-07,20:33,gobierno.gov.co,0,46,851,0,0,0,0,0
2024-12-12,03:00,banco.com.co,0,10,656,0,0,0,0,0
2025-07-24,22:08,startup.io,0,78,238,0,1,0,2,1
2024-09-13,01:16,hotmail.com,1,37,458,1,0,1,1,0
2025-02-06,13:09,empresa.com,0,65,1287,1,1,1,0,0
2024-10-03,14:42,gobierno.gov.co,0,54,994,0,0,1,0,0
2024-09-26,16:05,hotmail.com,1,41,661,0,0,0,1,0
2024-12-08,17:58,empresa.com,0,22,1411,1,0,0,0,0
2025-01-12,15:30,banco.com.co,0,29,947,0,1,1,0,0
2025-02-13,16:25,tienda.com.co,0,64,818,0,0,0,0,0
2025-05-29,16:48,yahoo.com,1,31,178,1,0,0,3,1
2025-07-30,17:54,multired.com.co,0,36,324,0,1,0,2,1
2024-10-03,17:40,hotmail.com,1,24,287,0,0,0,3,1
2025-03-24,07:22,tienda.com.co,0,84,252,2,1,0,3,1
2025-05-08,02:19,empresa.com,0,59,1009,1,0,1,1,0
2025-03-08,13:07,gobierno.gov.co,0,42,1229,1,0,1,0,0
2025-01-16,16:27,proveedor.co,0,12,348,1,0,0,2,1
2025-03-11,17:05,udec.edu.co,0,35,642,0,1,0,1,0
2025-07-03,15:40,outlook.com,1,66,299,1,1,0,2,1
2025-07-26,21:30,yahoo.com,1,64,274,1,1,0,1,1
2025-05-10,10:09,proveedor.co,0,49,743,1,0,0,0,0
2024-11-18,02:13,outlook.com,1,31,301,0,1,0,2,1
2025-03-14,05:59,outlook.com,1,11,374,2,1,0,1,1
2024-12-26,23:33,hotmail.com,1,48,826,0,1,1,2,0
2024-10-06,15:05,gobierno.gov.co,0,36,1271,0,0,1,0,0
2025-03-28,11:07,tienda.com.co,0,53,652,0,0,0,0,0
2025-08-26,08:47,multired.com.co,0,20,583,0,0,0,0,0
2024-10-12,08:25,yahoo.com,1,44,249,2,0,0,4,1
2025-08-25,15:16,tienda.com.co,0,65,1204,0,0,0,0,0
2024-10-15,09:39,banco.com.co,0,42,712,0,0,0,0,0
2024-09-11,00:17,gobierno.gov.co,0,40,867,0,0,0,0,0
2024-12-05,05:17,proton.me,1,22,1632,2,1,0,4,1
2024-09-19,01:23,proton.me,1,50,925,0,0,0,0,0
2024-09-06,14:41,startup.io,0,65,1238,1,0,1,0,0
2025-08-20,15:10,gmail.com,1,25,1133,1,1,0,0,0
2024-10-22,10:34,proton.me,1,60,322,3,0,0,0,1
2025-06-11,09:12,empresa.com,0,32,1421,0,0,1,0,0
2024-10-25,10:26,hotmail.com,1,16,521,3,1,0,3,1
2025-06-21,16:49,tienda.com.co,0,51,920,0,0,0,0,0
2025-03-05,09:53,proveedor.co,0,16,363,0,0,0,0,0
2025-06-17,22:33,gmail.com,1,32,1721,2,1,0,1,1
2025-03-11,22:07,outlook.com,1,24,258,2,1,1,1,1
2025-06-04,17:43,gobierno.gov.co,0,30,1644,0,0,0,1,0
2025-08-08,22:45,multired.com.co,0,41,171,3,0,0,1,1
2025-05-14,20:26,outlook.com,1,148,202,2,1,0,1,1
2025-04-08,14:12,multired.com.co,0,77,828,0,0,0,0,0
2025-01-24,22:03,gmail.com,1,61,434,1,0,0,0,0
2025-04-08,09:27,empresa.com,0,35,179,0,1,1,1,0
2024-11-09,23:49,tienda.com.co,0,49,1248,2,0,0,0,0
2024-10-11,08:12,proton.me,1,51,1299,0,0,1,0,0
2025-03-28,01:39,banco.com.co,0,127,305,3,1,1,2,1
2025-03-31,21:21,outlook.com,1,14,313,2,1,0,1,1
2025-04-28,06:18,outlook.com,1,35,919,3,0,0,1,1
2024-12-06,13:57,outlook.com,1,23,1706,1,0,0,2,1
2025-06-02,12:30,proton.me,1,31,722,0,0,0,0,0
2025-02-21,15:20,banco.com.co,0,10,712,1,0,1,0,0
2025-02-06,22:10,proton.me,1,36,334,0,0,0,2,1
2025-05-24,14:19,banco.com.co,0,33,1078,0,0,1,0,0
2025-08-11,23:27,multired.com.co,0,22,298,4,1,0,6,1
2024-10-16,08:35,proton.me,1,39,870,0,0,0,0,0
2025-01-08,05:52,proveedor.co,0,42,302,1,0,0,0,0
2025-03-28,09:43,hotmail.com,1,49,1170,0,1,1,0,0
2025-02-12,15:28,gmail.com,1,123,255,2,1,0,3,1
2024-10-12,16:12,proveedor.co,0,61,517,0,0,0,0,0
2024-11-29,07:24,udec.edu.co,0,20,319,0,0,0,1,0
2024-12-18,21:45,yahoo.com,1,79,252,2,1,0,4,1
2025-03-13,04:44,outlook.com,1,42,1367,0,0,1,1,0
2025-01-24,04:53,yahoo.com,1,61,373,2,0,0,3,1
2025-07-02,05:29,outlook.com,1,45,359,4,1,0,3,1
2025-08-12,12:53,startup.io,0,17,562,0,0,0,0,0
2025-05-06,16:21,startup.io,0,29,860,0,0,0,0,0
2025-03-12,15:57,hotmail.com,1,37,329,3,1,1,4,1
2025-06-13,12:13,udec.edu.co,0,50,1285,1,0,0,0,0
2025-04-26,11:59,multired.com.co,0,79,898,1,0,1,0,0
2025-01-19,21:39,empresa.com,0,53,613,2,0,0,0,0
2024-09-12,16:46,gmail.com,1,26,1070,3,1,0,0,1
2025-02-16,13:13,multired.com.co,0,44,946,1,0,0,0,0
2025-08-26,13:23,proveedor.co,0,70,1096,1,1,0,0,0
2024-12-04,09:58,proton.me,1,53,1144,1,0,1,0,0
2025-04-16,04:53,yahoo.com,1,44,782,1,0,0,0,0
2025-06-01,21:39,yahoo.com,1,29,307,1,1,0,3,1
2024-09-07,16:47,gmail.com,1,99,977,2,1,0,1,1
2025-04-01,20:46,yahoo.com,1,87,147,0,1,0,6,1
2025-01-02,06:11,gmail.com,1,13,1438,1,1,0,3,1
2024-11-16,12:28,empresa.com,0,53,969,1,1,0,0,0
2024-10-30,03:34,yahoo.com,1,31,374,1,0,1,2,1
2025-04-29,08:48,yahoo.com,1,91,392,2,1,0,1,1
2025-07-20,20:24,proton.me,1,34,1127,0,0,0,0,0
2025-06-01,16:01,outlook.com,1,51,510,0,0,0,4,1
2024-11-20,01:14,tienda.com.co,0,24,993,1,0,1,0,0
2025-05-14,00:05,proton.me,1,22,935,2,1,0,4,1
2025-01-03,14:34,gobierno.gov.co,0,67,819,0,0,0,0,0
2024-11-03,17:11,gmail.com,1,43,966,0,0,1,0,0
2024-12-01,09:06,banco.com.co,0,68,822,0,0,0,1,0
2024-09-24,15:03,empresa.com,0,56,359,1,0,0,0,0
2024-11-27,09:43,startup.io,0,60,744,1,1,0,0,0
2025-02-17,14:03,hotmail.com,1,33,984,1,0,0,0,0
2025-08-08,09:14,yahoo.com,1,69,114,3,1,0,3,1
2025-03-26,10:49,hotmail.com,1,43,329,1,1,0,3,1
2025-05-29,11:52,startup.io,0,50,926,0,0,0,0,0
2024-10-25,14:39,gmail.com,1,34,623,0,0,1,0,0
2025-03-15,04:28,multired.com.co,0,86,689,1,0,1,1,0
2025-07-12,15:44,outlook.com,1,80,1723,2,1,0,2,1
2025-07-18,11:15,gmail.com,1,98,292,1,1,0,2,1
2025-04-18,00:57,startup.io,0,37,920,1,1,0,2,1
2024-11-25,11:56,gobierno.gov.co,0,17,731,0,0,1,0,0
2025-08-08,08:39,tienda.com.co,0,48,1277,2,0,1,0,0
2025-07-20,13:04,outlook.com,1,45,501,1,0,0,0,0
2025-08-20,21:50,gmail.com,1,10,354,1,0,0,2,1
2025-02-12,13:49,proveedor.co,0,46,801,0,0,0,0,0
2024-10-03,14:48,gmail.com,1,23,1482,5,0,0,4,1
2025-07-06,20:42,startup.io,0,32,662,0,0,0,0,0
2025-04-05,05:45,yahoo.com,1,50,318,3,1,0,3,1
2025-01-14,21:52,banco.com.co,0,69,87,0,1,1,3,1
2025-07-11,03:15,banco.com.co,0,37,669,0,1,0,1,0
2025-08-09,11:50,banco.com.co,0,42,443,0,0,1,1,0
2025-05-02,15:43,gobierno.gov.co,0,34,776,0,0,0,0,0
2025-07-04,13:51,hotmail.com,1,23,210,4,1,0,2,1
2025-07-07,14:05,banco.com.co,0,45,926,1,0,0,0,0
2025-03-06,03:37,startup.io,0,30,1504,2,1,0,2,1
2025-07-13,01:15,proton.me,1,82,350,1,1,0,1,1
2024-11-21,23:34,startup.io,0,85,735,0,0,0,0,0
2025-02-10,21:30,empresa.com,0,53,377,0,0,1,0,0
2025-01-08,02:20,yahoo.com,1,80,88,3,1,0,0,1
2025-06-30,10:58,hotmail.com,1,10,280,1,1,0,1,1
2024-12-17,22:13,proveedor.co,0,30,313,4,1,0,3,1
2025-07-10,17:55,multired.com.co,0,48,355,2,0,0,0,0
2025-03-04,23:45,yahoo.com,1,31,334,2,1,1,2,1
2024-09-12,13:49,gmail.com,1,29,771,0,0,0,0,0
2025-01-24,17:59,tienda.com.co,0,23,365,3,1,0,1,1
2025-01-16,08:45,udec.edu.co,0,50,1103,0,0,0,0,0
2025-05-30,22:21,gmail.com,1,79,916,1,1,0,0,0
2025-01-21,15:31,banco.com.co,0,74,528,1,1,0,3,1
2025-03-28,08:15,udec.edu.co,0,61,726,2,1,0,0,0
2025-04-13,04:21,yahoo.com,1,71,340,4,1,1,0,1
2025-08-01,14:31,empresa.com,0,71,617,0,0,0,0,0
2025-07-29,23:21,yahoo.com,1,33,98,2,0,0,3,1
2025-07-14,10:06,empresa.com,0,39,673,2,0,1,1,0
2025-02-04,09:45,yahoo.com,1,108,1174,0,1,0,6,1
2025-07-30,04:14,gmail.com,1,44,239,3,1,0,2,1
2025-02-23,15:36,gobierno.gov.co,0,25,686,1,1,1,3,1
2024-12-17,02:19,hotmail.com,1,59,703,0,0,0,0,0
2024-12-31,03:58,empresa.com,0,74,1144,1,1,0,1,1
2025-07-13,22:31,tienda.com.co,0,35,990,0,0,0,0,0
2025-02-25,11:03,gobierno.gov.co,0,37,605,0,0,0,0,0
2025-08-11,13:31,proton.me,1,38,1512,0,0,1,0,0
2025-08-15,01:19,yahoo.com,1,34,1011,1,0,0,0,0
2024-11-15,22:00,yahoo.com,1,46,867,2,1,0,2,1
2025-07-26,23:03,proton.me,1,34,363,3,1,0,0,1
2024-12-26,20:55,startup.io,0,57,314,1,0,1,0,0
2025-04-02,14:45,proveedor.co,0,15,1011,2,0,0,0,0
2025-07-07,11:41,yahoo.com,1,57,1478,1,1,1,1,1
2025-05-04,16:32,yahoo.com,1,90,1190,1,0,0,3,1
2025-01-14,10:21,hotmail.com,1,65,491,2,0,0,3,1
2025-01-15,23:10,hotmail.com,1,127,1428,1,1,0,4,1
2025-05-07,16:54,banco.com.co,0,43,591,0,1,1,0,0
2025-02-27,10:36,tienda.com.co,0,38,939,0,0,1,0,0
2025-06-26,23:38,hotmail.com,1,97,422,3,1,0,2,1
2024-12-14,23:21,hotmail.com,1,35,437,5,1,0,1,1
2024-12-16,14:38,gobierno.gov.co,0,62,1386,1,0,0,0,0
2025-01-19,14:29,udec.edu.co,0,30,1443,1,0,1,0,0
2025-05-17,06:46,hotmail.com,1,19,50,0,0,0,1,1
2025-07-25,00:02,udec.edu.co,0,29,343,0,1,0,6,1
2025-05-29,08:20,hotmail.com,1,29,688,0,0,0,0,0
2024-09-14,12:44,multired.com.co,0,81,395,1,1,0,4,1
2025-01-01,21:35,startup.io,0,20,327,3,1,0,2,1
2025-02-10,22:14,yahoo.com,1,15,264,3,0,0,2,1
2025-08-12,23:46,gobierno.gov.co,0,56,430,0,0,1,0,0
2025-01-03,02:12,yahoo.com,1,25,347,0,0,0,6,1
2024-10-10,10:28,yahoo.com,1,24,1060,4,1,0,5,1
2025-06-26,12:11,gobierno.gov.co,0,71,626,0,0,0,0,0
2025-06-05,17:40,yahoo.com,1,32,643,2,1,0,2,1
2025-01-29,06:16,proton.me,1,31,791,5,1,0,2,1
2025-08-21,02:09,banco.com.co,0,5,242,1,0,0,3,1
2025-05-29,00:00,banco.com.co,0,64,639,1,0,0,0,0
2024-12-09,22:12,gmail.com,1,28,336,2,0,0,2,1
2025-06-09,17:43,gobierno.gov.co,0,32,543,1,0,0,0,0
2025-07-27,16:14,empresa.com,0,58,139,0,0,0,1,0
2025-08-21,15:29,proton.me,1,25,293,2,1,0,3,1
2025-02-05,09:47,startup.io,0,62,1618,0,0,1,0,0
2024-09-20,14:36,outlook.com,1,33,1787,2,1,0,0,1
2024-11-12,07:13,multired.com.co,0,10,914,0,0,0,0,0
2025-01-10,05:25,gobierno.gov.co,0,37,778,0,0,1,0,0
2025-07-02,14:49,proveedor.co,0,59,797,0,0,0,0,0
2025-07-28,04:09,yahoo.com,1,8,1729,4,0,0,4,1
2025-06-30,02:57,outlook.com,1,48,1008,0,0,0,1,0
2025-08-16,08:50,proveedor.co,0,58,338,3,1,0,2,1
2025-04-05,00:04,proton.me,1,69,179,2,1,1,2,1
2024-10-31,00:30,yahoo.com,1,30,322,1,1,1,3,1
2025-05-05,10:05,proton.me,1,29,1258,1,1,0,1,1
2024-12-31,13:10,proton.me,1,104,605,3,1,0,1,1
2024-12-13,22:16,hotmail.com,1,24,1569,1,0,0,1,1
2025-06-24,15:08,startup.io,0,53,1017,0,1,1,0,0
2024-09-02,16:07,empresa.com,0,16,373,1,0,0,2,1
2025-01-20,00:54,hotmail.com,1,55,1373,0,1,0,0,0
2025-08-13,01:02,yahoo.com,1,24,395,4,1,0,4,1
2024-11-13,01:58,hotmail.com,1,18,1509,4,1,0,3,1
2024-10-28,14:36,proton.me,1,10,779,0,0,1,0,0
2024-12-08,02:31,udec.edu.co,0,17,474,1,0,0,0,0
2025-03-24,20:14,yahoo.com,1,73,277,1,1,0,5,1
2025-02-12,10:09,proton.me,1,45,174,0,1,0,4,1
2024-11-26,09:46,yahoo.com,1,87,259,4,1,0,2,1
2024-10-23,00:52,gmail.com,1,45,1163,1,1,0,2,1
2025-02-11,07:57,outlook.com,1,28,924,0,0,0,0,0
2024-12-01,13:09,yahoo.com,1,60,881,0,0,0,0,0
2025-06-16,04:41,hotmail.com,1,67,1529,2,1,0,2,1
2024-11-10,14:11,startup.io,0,50,716,0,0,0,0,0
2025-01-15,01:15,empresa.com,0,33,810,0,0,0,0,0
2025-04-19,16:57,startup.io,0,44,529,1,0,0,0,0
2025-08-26,14:52,outlook.com,1,74,813,2,0,0,0,0
2025-08-22,13:01,multired.com.co,0,40,80,0,0,1,0,0
2025-03-29,12:24,outlook.com,1,93,172,0,1,0,2,1
2025-08-12,22:30,startup.io,0,26,624,0,0,0,1,0
2024-11-03,08:06,proveedor.co,0,58,894,0,0,0,0,0
2025-01-03,20:34,proton.me,1,80,275,2,0,0,5,1
2025-03-09,00:51,gobierno.gov.co,0,39,1286,0,0,0,0,0
2025-02-23,15:24,tienda.com.co,0,26,900,0,0,0,0,0
2025-08-25,04:17,hotmail.com,1,54,158,1,1,0,2,1
2024-11-06,22:58,outlook.com,1,38,796,2,1,0,3,1
2024-09-08,22:49,proton.me,1,21,534,0,1,0,1,1
2025-04-10,20:04,hotmail.com,1,17,186,2,1,0,1,1
2024-09-03,23:31,empresa.com,0,37,649,0,0,0,0,0
2025-02-25,21:53,multired.com.co,0,36,702,0,0,0,0,0
2025-01-08,04:02,outlook.com,1,95,337,1,1,0,1,1
2025-07-25,08:59,outlook.com,1,96,424,1,1,0,0,1
2025-01-16,08:44,proton.me,1,56,1180,0,1,1,0,0
2025-05-02,09:51,proton.me,1,33,1095,0,1,0,2,1
2024-12-21,09:58,proton.me,1,20,1153,1,0,0,4,1
2025-03-18,03:22,yahoo.com,1,6,228,1,1,0,1,1
2025-02-27,23:43,hotmail.com,1,44,851,0,0,0,0,0
2025-04-24,14:00,startup.io,0,53,1418,0,0,1,0,0
2024-12-11,08:16,yahoo.com,1,64,477,0,0,0,0,0
2024-10-23,08:53,proton.me,1,75,342,2,1,0,1,1
2025-05-28,08:22,banco.com.co,0,7,196,2,1,0,1,1
2025-05-18,10:36,proveedor.co,0,62,254,1,1,0,3,1
2024-12-15,20:13,udec.edu.co,0,34,211,3,1,0,1,1
2025-08-25,22:06,multired.com.co,0,72,357,1,1,1,3,1
2025-01-28,21:38,yahoo.com,1,43,984,4,1,1,2,1
2025-07-23,08:05,multired.com.co,0,99,995,2,1,0,3,1
2024-12-02,08:46,startup.io,0,68,613,4,1,0,0,0
2025-03-21,22:43,empresa.com,0,19,1179,2,1,0,1,1
2025-03-16,14:29,empresa.com,0,143,434,1,1,1,3,1
2025-02-15,11:36,hotmail.com,1,57,823,1,0,0,0,0
2025-07-19,22:54,proveedor.co,0,13,562,2,1,0,3,1
2025-08-09,00:15,startup.io,0,103,315,0,1,0,1,1
2025-03-28,13:55,proveedor.co,0,43,1332,0,0,0,0,0
2025-05-17,10:42,startup.io,0,17,337,1,1,0,2,1
2025-04-04,08:06,outlook.com,1,33,503,3,0,1,1,1
2025-03-07,12:12,empresa.com,0,53,733,0,0,1,0,0
2025-04-29,01:25,gmail.com,1,30,237,0,1,1,1,1
2024-09-12,23:48,proton.me,1,74,371,3,1,0,4,1
2024-09-28,23:55,hotmail.com,1,45,174,0,0,0,0,0
2025-01-25,16:18,proton.me,1,45,1025,0,1,0,0,0
2025-01-03,20:39,gmail.com,1,89,345,1,0,0,2,1
2024-12-14,13:44,proton.me,1,33,416,1,1,0,2,1
2025-04-28,21:35,hotmail.com,1,25,828,0,0,0,1,0
2025-01-07,16:35,startup.io,0,32,801,1,0,1,0,0
2025-05-09,04:37,gmail.com,1,38,516,0,0,0,1,0
2025-01-22,03:53,yahoo.com,1,11,398,2,1,0,0,1
2024-09-26,08:09,gmail.com,1,51,847,0,0,0,0,0
2025-04-25,15:10,proton.me,1,61,580,1,1,0,0,0
2024-12-14,05:51,empresa.com,0,110,194,2,1,0,3,1
2024-10-14,11:51,gobierno.gov.co,0,23,1272,2,1,1,1,1
2025-07-31,14:49,outlook.com,1,29,400,2,0,0,1,1
2025-03-22,22:41,gmail.com,1,69,1571,1,0,0,2,1
2024-10-30,23:54,proveedor.co,0,45,717,0,1,1,1,0
2024-11-01,17:34,gmail.com,1,72,1058,3,1,1,5,1
2025-05-24,20:47,proton.me,1,70,269,2,1,1,2,1
2024-09-21,10:38,tienda.com.co,0,51,902,1,0,1,0,0
2025-01-22,21:13,gobierno.gov.co,0,25,356,2,1,0,1,1
2025-06-25,20:01,proton.me,1,102,384,1,1,0,4,1
2025-07-05,23:34,gmail.com,1,34,593,1,0,0,0,0
2024-12-07,06:40,banco.com.co,0,25,1006,0,1,0,1,1
2025-08-28,20:30,yahoo.com,1,44,452,0,0,0,0,0
2025-08-14,17:11,proveedor.co,0,38,624,1,0,1,0,0
2025-05-14,16:49,hotmail.com,1,85,1935,2,1,0,4,1
2024-11-18,12:03,hotmail.com,1,90,370,2,0,0,2,1
2024-09-24,00:53,yahoo.com,1,93,347,2,1,1,7,1
2024-10-27,13:30,empresa.com,0,10,1416,1,0,0,0,0
2025-06-22,20:39,proton.me,1,40,998,0,0,0,0,0
2024-10-14,01:39,proveedor.co,0,41,905,1,0,1,1,0
2025-02-20,16:57,hotmail.com,1,21,1299,2,0,0,0,0
2025-05-07,15:19,proton.me,1,31,362,1,1,0,1,1
2025-01-23,09:38,empresa.com,0,42,587,0,0,1,0,0
2024-12-01,12:05,startup.io,0,46,448,1,1,1,0,0
2025-01-14,10:42,udec.edu.co,0,34,1059,0,1,0,0,0
2025-05-24,12:12,gmail.com,1,51,978,1,0,0,1,0
2024-10-26,17:24,startup.io,0,26,1499,0,0,1,0,0
2025-05-15,16:02,startup.io,0,58,1098,1,1,0,0,0
2025-08-17,20:22,outlook.com,1,74,254,1,1,1,3,1
2025-03-22,06:31,multired.com.co,0,56,1010,0,0,1,0,0
2025-05-03,09:04,empresa.com,0,48,802,1,0,0,0,0
2025-02-07,15:39,empresa.com,0,93,206,2,0,0,1,1
2025-06-24,08:26,empresa.com,0,56,1060,0,0,0,1,0
2025-05-05,11:31,gmail.com,1,18,1039,1,1,1,2,1
2025-06-22,21:47,outlook.com,1,27,397,4,1,0,3,1
2025-08-16,03:32,empresa.com,0,45,854,0,0,0,1,0
2025-05-30,05:32,gmail.com,1,97,1651,2,1,0,3,1
2025-02-07,06:55,gmail.com,1,18,1303,3,0,0,3,1
2025-02-06,10:03,banco.com.co,0,71,609,0,0,1,0,0
2025-05-22,08:43,gobierno.gov.co,0,34,1243,0,1,1,0,0
2025-07-05,20:35,hotmail.com,1,95,1812,3,1,0,4,1
2025-05-22,13:32,gmail.com,1,34,301,1,1,0,1,1
2024-12-30,05:56,proton.me,1,20,262,5,1,0,3,1
2025-02-11,17:14,banco.com.co,0,35,902,0,0,0,0,0
2024-11-19,15:49,banco.com.co,0,42,704,0,0,0,0,0
2025-05-05,20:06,proton.me,1,12,305,3,0,1,3,1
2025-08-18,16:01,banco.com.co,0,49,1196,0,0,1,0,0
2025-05-17,15:15,outlook.com,1,16,445,4,1,0,2,1
2025-08-01,13:47,yahoo.com,1,51,1174,0,0,1,0,0
2025-08-12,04:59,proton.me,1,26,357,4,1,0,5,1
2025-08-27,10:00,empresa.com,0,20,1533,2,0,1,0,0
2024-10-18,09:41,udec.edu.co,0,51,886,0,0,0,0,0
2024-11-18,20:46,empresa.com,0,17,156,2,0,0,4,1
2024-09-23,16:29,outlook.com,1,37,274,1,0,0,1,1
2025-05-15,13:42,udec.edu.co,0,50,869,1,0,1,0,0
2025-06-13,15:07,banco.com.co,0,17,710,0,0,0,0,0
2024-09-16,05:21,hotmail.com,1,66,291,1,0,1,1,1
2025-05-08,22:00,tienda.com.co,0,62,587,1,0,0,0,0
2025-04-03,04:01,proton.me,1,20,287,1,1,0,0,1
2025-02-05,09:54,hotmail.com,1,35,224,2,0,0,2,1
2025-04-17,02:31,yahoo.com,1,90,247,3,1,0,3,1
2025-03-02,13:55,gobierno.gov.co,0,33,569,1,0,0,0,0
2025-01-21,21:01,yahoo.com,1,23,503,4,0,0,2,1
2025-03-02,16:38,outlook.com,1,36,347,5,1,0,3,1
2025-01-08,14:34,startup.io,0,48,699,1,0,0,0,0
2024-11-09,17:28,proton.me,1,35,274,1,0,0,2,1
2024-09-25,15:28,startup.io,0,25,1548,1,0,1,1,1
2025-02-14,13:00,startup.io,0,21,123,0,1,0,2,1
2025-01-09,11:17,gobierno.gov.co,0,44,601,1,0,0,0,0
2025-07-12,17:12,gmail.com,1,75,1119,0,0,0,0,0
2025-06-20,16:27,proton.me,1,61,982,0,0,0,0,0
2024-10-14,11:29,startup.io,0,64,112,1,0,0,1,1
2025-07-24,04:18,gobierno.gov.co,0,38,1307,0,0,1,0,0
2025-04-05,07:25,gobierno.gov.co,0,10,695,1,1,0,0,0
2025-08-16,07:17,multired.com.co,0,40,496,1,1,0,4,1
2024-11-03,23:25,empresa.com,0,25,1135,2,1,1,3,1
2024-12-30,14:44,multired.com.co,0,40,1079,0,1,0,0,0
2025-08-01,12:43,gobierno.gov.co,0,53,1045,1,0,0,0,0
2025-08-18,22:00,udec.edu.co,0,60,135,0,1,1,1,0
2025-05-05,11:38,outlook.com,1,71,1157,0,1,0,0,0
2025-08-17,02:06,gobierno.gov.co,0,72,442,0,0,1,0,0
2025-05-26,09:23,proveedor.co,0,22,914,0,0,0,1,0
2025-02-10,12:33,gmail.com,1,18,214,0,0,0,3,1
2025-05-17,10:55,gmail.com,1,61,659,0,0,0,0,0
2025-07-09,00:44,udec.edu.co,0,24,371,0,0,1,0,0
2025-04-10,04:47,outlook.com,1,107,229,3,1,0,6,1
2025-08-07,12:05,hotmail.com,1,18,133,2,1,0,2,1
2025-02-04,16:26,gmail.com,1,106,2008,1,0,0,2,1
2024-10-22,14:07,tienda.com.co,0,38,703,2,0,1,1,0
2025-05-21,07:51,gmail.com,1,62,332,3,1,0,1,1
2025-08-06,11:34,gobierno.gov.co,0,16,964,0,1,1,0,0
2025-07-19,17:00,outlook.com,1,37,289,2,1,0,3,1
2025-02-23,14:27,outlook.com,1,79,457,0,0,0,2,1
2025-03-19,12:16,multired.com.co,0,31,506,1,0,1,0,0
2025-07-23,01:52,yahoo.com,1,99,405,1,1,1,3,1
2025-08-29,16:14,hotmail.com,1,29,1414,0,0,0,0,0
2025-06-13,23:11,udec.edu.co,0,50,548,0,1,1,0,0
2025-08-06,13:22,startup.io,0,34,444,1,0,0,0,0
2024-09-24,21:26,multired.com.co,0,52,641,0,0,0,1,0
2025-05-02,23:32,gobierno.gov.co,0,13,690,0,0,1,0,0
2024-10-12,16:26,empresa.com,0,46,423,1,0,1,0,0
2025-04-10,13:28,multired.com.co,0,46,1501,1,0,0,1,0
2025-05-30,17:19,banco.com.co,0,38,80,0,0,1,1,0
2025-04-17,08:09,yahoo.com,1,35,303,0,0,0,3,1
2025-05-23,09:12,hotmail.com,1,42,269,6,0,0,3,1
2024-12-09,11:17,yahoo.com,1,77,247,1,1,0,1,1
2025-02-27,09:47,empresa.com,0,19,520,0,0,0,0,0
2025-04-13,09:19,banco.com.co,0,37,873,0,0,1,0,0
2024-10-17,12:45,gmail.com,1,52,318,2,1,0,2,1
2025-01-02,21:07,gmail.com,1,29,1856,3,0,0,7,1
2025-06-10,11:35,udec.edu.co,0,46,351,1,1,1,1,0
2025-03-20,00:49,outlook.com,1,93,1295,3,1,0,1,1
2025-01-03,11:31,yahoo.com,1,45,837,0,1,0,0,0
2025-01-17,10:50,hotmail.com,1,66,917,0,0,0,0,0
2024-09-07,08:01,gobierno.gov.co,0,45,770,1,0,0,0,0
2025-02-15,13:38,outlook.com,1,66,247,0,0,0,0,0
2024-12-10,17:07,startup.io,0,31,137,2,0,1,2,1
2025-01-04,22:42,multired.com.co,0,37,1088,0,0,0,0,0
2025-02-17,20:56,yahoo.com,1,59,1406,2,1,0,1,1
2024-11-09,02:33,outlook.com,1,35,1986,0,1,0,4,1
2024-09-19,12:08,startup.io,0,42,790,1,0,0,0,0
2025-06-03,12:18,yahoo.com,1,58,1253,0,0,0,0,0
2025-02-03,12:28,empresa.com,0,65,487,0,0,0,0,0
2025-06-02,00:28,hotmail.com,1,18,1226,0,0,0,0,0
2024-11-01,21:06,outlook.com,1,73,267,2,1,0,1,1
2024-12-13,21:02,outlook.com,1,33,442,3,1,0,1,1
2025-08-03,00:23,udec.edu.co,0,48,813,0,0,0,1,0
2025-01-21,04:52,gmail.com,1,88,353,2,1,0,2,1
2025-05-29,17:31,tienda.com.co,0,10,461,2,0,0,0,0
2025-02-19,05:17,proveedor.co,0,116,1183,4,1,0,4,1
2025-02-25,12:53,empresa.com,0,68,522,1,1,0,0,0
2025-07-05,05:57,multired.com.co,0,81,177,2,1,0,3,1
2024-09-09,20:36,outlook.com,1,67,303,0,1,1,4,1
2025-02-16,03:30,yahoo.com,1,104,867,5,1,1,2,1
2025-01-16,23:50,startup.io,0,44,1060,0,0,0,0,0
2025-08-02,16:07,tienda.com.co,0,48,458,0,1,1,0,0
2025-08-21,08:05,outlook.com,1,31,801,0,0,1,0,0
2024-10-27,15:31,proton.me,1,30,951,2,1,0,4,1
2024-10-30,14:52,multired.com.co,0,56,905,1,1,1,0,0
2025-07-04,10:53,gmail.com,1,26,2262,3,1,0,2,1
2025-03-01,23:35,tienda.com.co,0,69,1598,1,1,1,2,1
2025-01-25,13:20,startup.io,0,39,1102,0,0,0,0,0
2025-01-15,14:13,udec.edu.co,0,42,1428,1,0,1,0,0
2025-01-13,22:11,proton.me,1,84,359,1,1,0,2,1
2025-01-27,23:34,outlook.com,1,28,224,3,1,0,2,1
2025-01-16,06:06,hotmail.com,1,64,583,2,0,1,0,0
2025-05-12,09:26,tienda.com.co,0,85,720,0,1,1,0,0
2025-05-23,20:30,hotmail.com,1,31,251,1,1,0,4,1
2024-09-29,08:30,outlook.com,1,85,943,4,1,0,1,1
2024-09-29,21:00,udec.edu.co,0,71,997,0,1,1,0,0
2024-09-26,02:03,banco.com.co,0,42,895,1,1,0,1,1
2024-11-11,21:42,multired.com.co,0,103,1165,2,1,0,1,1
2025-02-19,20:31,yahoo.com,1,92,95,0,1,1,3,1
2024-10-25,08:21,udec.edu.co,0,40,925,1,0,1,0,0
2025-08-30,10:55,startup.io,0,58,1227,1,1,1,1,0
2024-10-14,10:52,proveedor.co,0,29,917,0,1,0,0,0
2025-06-08,09:32,gmail.com,1,86,1479,1,1,0,1,1
2025-06-01,08:24,yahoo.com,1,36,328,0,0,0,0,0
2024-09-04,14:23,gmail.com,1,52,298,0,1,1,0,0
2025-07-10,01:22,multired.com.co,0,41,837,2,1,0,5,1
2024-11-10,14:33,outlook.com,1,46,975,0,0,1,0,0
2025-05-05,15:50,udec.edu.co,0,40,796,2,0,0,0,0
2025-04-15,21:05,hotmail.com,1,15,1019,2,0,0,4,1
2025-01-18,17:01,proton.me,1,14,447,0,1,0,1,1
2024-12-08,10:38,yahoo.com,1,10,1364,0,0,1,0,0
2025-04-24,16:49,outlook.com,1,54,1789,2,1,0,3,1
2024-09-23,11:51,empresa.com,0,97,300,4,0,0,2,1
2025-02-20,14:21,hotmail.com,1,48,786,0,0,0,0,0
2024-09-09,15:45,proton.me,1,79,869,0,1,1,0,0
2024-12-07,21:18,gmail.com,1,25,128,0,1,1,0,0
2025-08-01,14:15,proveedor.co,0,36,1020,0,1,0,1,0
2025-07-04,14:17,startup.io,0,46,933,1,0,1,0,0
2025-04-19,15:06,gmail.com,1,37,1263,2,0,1,0,0
2024-09-22,16:52,hotmail.com,1,37,1005,0,0,0,0,0
2025-03-16,11:21,yahoo.com,1,43,370,0,1,0,0,0
2025-03-05,22:55,gobierno.gov.co,0,48,900,0,0,1,0,0
2024-11-08,14:54,proveedor.co,0,47,306,1,0,0,0,0
2025-04-10,04:11,banco.com.co,0,27,376,3,1,0,3,1
2025-02-07,04:56,outlook.com,1,72,211,3,1,0,1,1
2024-12-21,20:21,yahoo.com,1,92,246,3,1,0,2,1
2025-03-10,17:08,proveedor.co,0,40,725,0,0,1,0,0
2025-07-10,08:45,tienda.com.co,0,45,469,0,0,1,0,0
2024-09-26,03:48,udec.edu.co,0,85,1871,1,1,0,3,1
2025-05-08,14:19,empresa.com,0,16,865,1,0,0,0,0
2024-11-01,05:51,udec.edu.co,0,28,407,0,1,0,1,1
2025-07-09,06:21,proton.me,1,79,287,3,1,0,3,1
2024-12-08,10:41,multired.com.co,0,47,603,0,0,0,0,0
2025-02-06,20:53,gobierno.gov.co,0,15,355,0,1,0,3,1
2025-04-10,17:49,yahoo.com,1,38,773,0,0,1,0,0
2025-08-03,01:58,yahoo.com,1,52,965,0,0,0,0,0
2025-03-28,08:23,multired.com.co,0,62,535,0,0,0,0,0
2024-09-10,15:28,multired.com.co,0,53,349,2,1,0,2,1
2024-11-10,04:16,udec.edu.co,0,116,1342,2,0,1,3,1
2025-07-12,12:30,gmail.com,1,62,805,1,0,1,0,0
2024-12-06,01:59,proveedor.co,0,5,1211,0,1,0,2,1
2024-12-26,23:16,hotmail.com,1,73,1163,2,0,1,4,1
2025-07-06,16:38,multired.com.co,0,27,1354,1,0,0,0,0
2025-04-06,14:36,startup.io,0,56,1391,2,1,0,1,1
2025-05-07,04:20,proton.me,1,79,360,0,1,1,2,1
2025-02-17,22:01,multired.com.co,0,41,1097,1,0,1,0,0
2025-06-25,07:38,tienda.com.co,0,25,699,0,0,1,0,0
2024-11-04,10:59,empresa.com,0,67,477,1,1,0,2,1
2024-11-08,09:18,proveedor.co,0,41,555,1,0,0,1,0
2025-04-23,14:43,yahoo.com,1,104,1397,2,1,0,2,1
2025-01-31,09:49,startup.io,0,30,324,3,0,0,2,1
2025-07-20,23:38,hotmail.com,1,19,222,2,0,1,6,1
2025-06-21,20:10,tienda.com.co,0,118,426,4,1,0,1,1
2025-07-18,01:20,gmail.com,1,57,957,1,0,0,0,0
2025-02-22,15:30,gmail.com,1,35,974,0,0,0,0,0
2025-05-04,20:48,tienda.com.co,0,53,1007,1,1,0,0,0
2025-08-01,00:11,gmail.com,1,31,121,1,0,0,1,1
2024-10-03,15:58,proton.me,1,99,980,4,1,1,2,1
2024-12-07,09:19,outlook.com,1,38,875,0,0,0,0,0
2025-04-14,22:45,hotmail.com,1,107,702,3,1,0,0,1
2024-10-01,22:57,gobierno.gov.co,0,28,1238,1,1,0,0,0
2025-07-02,20:49,proton.me,1,35,272,4,0,0,4,1
2024-11-10,08:29,multired.com.co,0,34,867,1,0,0,0,0
2025-07-07,16:40,gmail.com,1,67,1089,1,0,0,0,0
2025-04-18,12:30,tienda.com.co,0,29,244,0,0,1,0,0
2025-07-15,20:02,proton.me,1,149,425,2,1,0,1,1
2024-10-06,10:36,gobierno.gov.co,0,83,272,2,1,0,5,1
2024-09-17,21:08,yahoo.com,1,74,237,1,0,1,1,1
2024-10-18,12:23,multired.com.co,0,44,1191,1,1,1,0,0
2025-01-02,20:58,gobierno.gov.co,0,45,359,4,1,0,2,1
2025-02-23,17:31,yahoo.com,1,29,666,0,0,0,1,0
2024-10-18,14:18,proveedor.co,0,29,1144,1,0,0,0,0
2025-05-20,11:27,multired.com.co,0,23,479,0,1,0,1,0
2024-11-08,22:21,tienda.com.co,0,57,275,2,1,0,3,1
2025-06-16,23:15,gmail.com,1,57,1405,5,0,0,5,1
2025-08-22,05:45,gmail.com,1,36,814,2,1,0,3,1
2025-08-02,14:46,proton.me,1,22,799,2,1,0,2,1
2024-10-02,20:55,banco.com.co,0,10,1039,2,0,0,0,0
2025-01-25,17:18,proton.me,1,48,1243,1,1,0,3,1
2025-01-23,08:28,tienda.com.co,0,54,981,1,0,1,0,0
2025-02-15,03:03,banco.com.co,0,26,392,0,1,1,1,1
2024-11-08,00:24,hotmail.com,1,107,177,3,1,1,3,1
2025-05-21,07:15,gmail.com,1,111,94,4,0,0,2,1
2024-10-17,01:17,gmail.com,1,35,419,3,1,0,1,1
2025-04-28,16:51,proveedor.co,0,25,379,0,1,0,2,1
2024-09-03,21:59,empresa.com,0,27,637,3,0,0,2,1
2025-04-11,07:48,gobierno.gov.co,0,30,707,0,0,1,1,0
2024-10-05,17:08,multired.com.co,0,34,1066,0,0,0,0,0
2025-08-17,20:59,yahoo.com,1,26,312,3,1,0,0,1
2025-06-16,08:17,banco.com.co,0,25,471,3,1,0,2,1
2025-08-01,23:10,outlook.com,1,30,760,4,1,0,2,1
2025-07-02,02:17,proveedor.co,0,48,881,1,0,1,0,0
2024-09-03,03:18,gmail.com,1,22,259,3,1,0,3,1
2024-11-26,12:57,empresa.com,0,49,855,3,0,0,1,0
2024-12-19,01:57,proton.me,1,65,185,5,1,0,0,1
2025-02-28,04:04,outlook.com,1,49,1173,1,0,1,0,0
2025-05-15,22:42,tienda.com.co,0,25,702,0,0,0,0,0
2024-09-27,14:48,udec.edu.co,0,41,749,0,0,0,0,0
2025-06-14,23:38,banco.com.co,0,84,352,4,1,0,3,1
2025-08-27,17:16,hotmail.com,1,12,251,3,1,1,1,1
2025-08-11,10:31,yahoo.com,1,24,1759,1,1,0,6,1
2025-04-12,17:33,udec.edu.co,0,56,912,1,1,0,0,0
2024-09-24,14:47,gmail.com,1,38,516,1,0,0,0,0
2025-08-03,12:56,gmail.com,1,64,457,3,0,0,1,1
2025-07-19,16:59,gobierno.gov.co,0,45,1394,0,0,1,0,0
2025-07-11,10:01,yahoo.com,1,29,255,4,1,0,2,1
2025-04-01,12:09,hotmail.com,1,91,145,3,1,0,3,1
2025-07-03,01:31,gmail.com,1,48,1076,0,0,1,0,0
2024-09-26,14:32,hotmail.com,1,30,1183,0,1,0,0,0
2025-01-30,23:45,tienda.com.co,0,21,1401,1,1,0,2,1
2024-11-14,09:33,tienda.com.co,0,20,925,1,1,0,0,0
2025-07-05,20:48,hotmail.com,1,29,630,1,0,0,2,1
2025-05-31,23:41,yahoo.com,1,15,311,2,1,0,2,1
2024-11-13,05:00,gobierno.gov.co,0,94,1092,1,1,0,0,1
2025-04-09,01:37,yahoo.com,1,131,471,2,1,0,5,1
2024-10-16,01:33,empresa.com,0,29,86,2,1,0,4,1
2024-11-03,02:49,outlook.com,1,27,1676,3,1,0,4,1
2025-01-19,13:59,tienda.com.co,0,56,771,0,0,1,0,0
2024-10-25,17:15,startup.io,0,13,164,1,1,1,1,1
2025-08-10,21:26,proton.me,1,51,875,0,0,0,0,0
2025-06-16,02:28,gmail.com,1,74,263,2,1,0,2,1
2024-11-26,14:25,gobierno.gov.co,0,17,494,1,1,0,3,1
2025-02-10,13:26,multired.com.co,0,41,726,0,0,0,0,0
2024-10-15,15:06,gmail.com,1,25,123,3,0,0,1,1
2024-11-22,12:10,empresa.com,0,23,673,0,1,0,0,0
2025-01-01,11:05,proton.me,1,20,265,2,1,0,1,1
2025-08-30,23:20,yahoo.com,1,32,303,2,0,0,5,1
2025-01-10,22:05,banco.com.co,0,42,758,0,1,0,0,0
2025-05-08,03:44,outlook.com,1,23,1407,1,1,0,1,1
2024-10-06,04:09,banco.com.co,0,67,1010,3,1,1,0,1
2025-07-17,13:23,banco.com.co,0,37,381,0,0,0,2,0
2025-06-30,08:25,proton.me,1,90,50,1,1,0,0,1
2025-02-27,08:37,hotmail.com,1,10,1202,1,1,0,2,1
2025-02-09,15:22,gmail.com,1,48,1370,0,0,0,1,0
2025-03-27,16:19,gobierno.gov.co,0,50,503,1,1,1,0,0
2025-05-27,09:50,outlook.com,1,34,1356,3,0,0,5,1
2025-06-09,17:01,startup.io,0,53,760,0,0,1,0,0
2024-09-17,12:20,proveedor.co,0,50,461,0,0,0,0,0
2024-09-01,21:08,yahoo.com,1,33,391,3,1,0,4,1
2024-12-02,16:16,startup.io,0,31,859,0,1,1,1,0
2025-01-19,09:42,outlook.com,1,39,597,4,0,0,1,1
2025-06-08,14:30,outlook.com,1,81,175,1,1,0,2,1
2025-02-26,02:13,gmail.com,1,32,165,1,1,0,1,1
2024-09-27,14:30,proveedor.co,0,44,893,0,0,1,0,0
2024-09-01,03:23,yahoo.com,1,55,1641,3,1,0,3,1
2024-10-11,23:55,udec.edu.co,0,44,787,0,0,0,1,0
2024-12-16,02:46,udec.edu.co,0,69,987,0,1,0,1,0
2025-01-02,11:09,multired.com.co,0,60,638,0,0,1,1,0
2025-07-07,08:26,hotmail.com,1,81,1095,1,1,0,3,1
2025-02-02,21:02,startup.io,0,26,185,2,1,0,1,1
2025-04-13,13:52,tienda.com.co,0,36,915,0,0,0,1,0
2025-02-11,05:11,yahoo.com,1,67,539,3,1,0,2,1
2025-04-11,17:32,empresa.com,0,18,400,0,1,0,2,1
2025-03-01,20:08,outlook.com,1,27,126,2,1,1,3,1
2025-08-03,14:55,tienda.com.co,0,79,773,0,1,0,0,0
2024-10-05,06:48,proveedor.co,0,29,373,0,0,0,0,0
2024-11-09,00:49,yahoo.com,1,71,254,0,1,1,2,1
2025-01-09,23:28,banco.com.co,0,65,300,0,1,0,2,1
2025-04-26,23:31,startup.io,0,33,713,1,0,1,0,0
2024-09-20,13:42,yahoo.com,1,46,673,1,0,1,0,0
2024-09-30,13:54,proveedor.co,0,91,763,0,0,1,0,0
2025-02-11,10:24,gmail.com,1,46,858,0,0,0,1,0
2024-09-18,08:50,gobierno.gov.co,0,73,588,0,0,1,0,0
2025-01-04,11:16,startup.io,0,56,630,0,1,0,0,0
2024-12-09,02:30,outlook.com,1,114,296,2,1,0,2,1
2024-12-25,16:48,udec.edu.co,0,40,624,2,0,0,1,0
2025-04-14,06:20,proton.me,1,45,1298,4,1,0,5,1
2024-10-27,11:43,yahoo.com,1,72,453,1,1,0,3,1
2025-03-21,17:10,proton.me,1,74,374,0,0,0,0,0
2025-02-24,03:32,empresa.com,0,59,930,0,0,0,0,0
2025-01-16,09:04,gobierno.gov.co,0,56,1225,0,1,1,0,0
2024-09-08,23:33,tienda.com.co,0,31,329,2,1,0,0,1
2024-12-26,09:07,yahoo.com,1,57,785,0,1,1,0,0
2025-02-08,17:30,udec.edu.co,0,21,523,2,0,0,0,0
2024-09-26,16:03,udec.edu.co,0,31,80,0,0,0,0,0
2025-05-15,11:04,gobierno.gov.co,0,32,833,0,1,1,0,0
2024-12-23,00:16,gmail.com,1,23,151,3,0,0,1,1
2024-12-25,10:19,gmail.com,1,13,1076,0,1,1,0,0
2025-02-23,21:39,proton.me,1,35,1651,0,1,0,2,1
2025-03-24,15:06,udec.edu.co,0,39,903,0,1,0,2,0
2025-07-03,22:51,outlook.com,1,68,1312,3,0,0,2,1
2025-05-10,09:46,startup.io,0,48,385,0,0,0,0,0
2025-03-29,10:36,udec.edu.co,0,32,425,0,0,0,0,0
2025-06-21,17:47,gmail.com,1,56,1072,0,0,1,0,0
2025-02-22,17:00,gmail.com,1,48,346,1,1,0,1,1
2024-10-03,15:34,yahoo.com,1,80,1187,3,1,0,1,1
2025-06-28,12:50,multired.com.co,0,31,315,3,0,0,1,1
2025-06-24,14:31,empresa.com,0,98,2241,1,1,0,3,1
2024-12-27,14:56,gobierno.gov.co,0,42,713,0,1,0,0,0
2024-10-03,12:22,hotmail.com,1,107,387,4,1,0,2,1
2025-05-18,22:56,yahoo.com,1,86,293,0,1,0,3,1
2025-06-14,20:19,proton.me,1,51,1190,1,0,0,2,1
2024-10-16,20:58,yahoo.com,1,25,1636,4,1,0,2,1
2025-01-20,16:35,udec.edu.co,0,48,578,0,0,0,0,0
2025-08-09,01:50,yahoo.com,1,75,348,0,1,0,4,1
2025-02-27,14:14,proveedor.co,0,55,981,0,0,1,1,0
2025-04-02,00:32,proton.me,1,21,232,0,1,0,2,1
2024-10-09,20:07,proton.me,1,58,1925,1,1,0,3,1
2024-10-01,06:28,outlook.com,1,133,269,1,1,0,2,1
2024-10-26,20:26,gobierno.gov.co,0,96,1265,2,0,0,2,1
2025-08-30,03:46,yahoo.com,1,92,280,4,0,0,3,1
2025-01-05,06:51,gobierno.gov.co,0,26,1154,2,1,0,3,1
2025-08-14,21:25,gmail.com,1,100,1666,1,1,0,1,1
2024-09-25,12:12,gobierno.gov.co,0,105,469,1,1,0,2,1
2024-11-29,04:37,gobierno.gov.co,0,51,146,1,1,0,3,1
2025-07-25,15:39,proton.me,1,46,578,1,0,0,0,0
2025-01-09,22:39,proveedor.co,0,95,356,2,1,0,3,1
2025-05-11,09:12,udec.edu.co,0,54,410,0,0,1,0,0
2025-02-21,21:43,multired.com.co,0,66,910,1,1,0,0,0
2024-09-28,05:12,gmail.com,1,112,1143,1,1,1,4,1
2025-05-17,16:18,gmail.com,1,42,311,3,1,0,7,1
2024-09-22,14:01,tienda.com.co,0,65,1309,0,0,1,0,0
2025-01-30,20:12,startup.io,0,90,1170,2,1,0,1,1
2025-01-25,21:36,outlook.com,1,78,403,1,0,0,3,1
2025-01-20,02:35,startup.io,0,24,638,0,0,1,0,0
2025-02-17,12:47,startup.io,0,14,432,0,0,1,0,0
2025-07-26,11:57,yahoo.com,1,52,177,3,1,0,2,1
2025-06-01,11:12,tienda.com.co,0,53,806,0,1,0,0,0
2025-07-31,10:02,tienda.com.co,0,30,646,0,0,0,0,0
2025-05-24,17:14,tienda.com.co,0,45,764,0,0,0,0,0
2024-12-10,14:58,gobierno.gov.co,0,24,937,0,1,0,0,0
2025-08-27,09:15,tienda.com.co,0,47,1111,0,1,0,0,0
2024-09-04,22:59,startup.io,0,52,80,0,0,0,0,0
2024-10-19,22:14,yahoo.com,1,24,50,1,1,0,1,1
2025-02-22,23:53,proton.me,1,21,1459,6,1,0,5,1
2025-03-07,15:40,proveedor.co,0,80,780,1,0,1,1,0
2025-08-05,13:27,yahoo.com,1,8,165,3,1,0,4,1
2025-06-07,13:57,outlook.com,1,54,1213,0,0,1,0,0
2024-12-24,10:14,proton.me,1,57,520,5,1,0,6,1
2025-07-10,05:26,outlook.com,1,20,939,1,0,1,2,1
2024-10-06,23:04,yahoo.com,1,35,811,0,0,1,0,0
2025-08-06,09:58,outlook.com,1,24,384,3,1,0,1,1
2024-09-05,17:46,proton.me,1,31,181,2,1,0,2,1
2025-04-29,08:17,banco.com.co,0,62,744,0,1,0,0,0
2025-05-01,21:58,gmail.com,1,80,913,0,1,0,8,1
2025-01-26,00:58,hotmail.com,1,36,283,4,0,0,1,1
2025-05-15,16:51,tienda.com.co,0,44,736,1,0,0,0,0
2024-11-29,02:17,gmail.com,1,85,1368,3,1,0,2,1
2025-04-27,23:47,outlook.com,1,53,183,2,1,0,3,1
2025-02-10,06:51,yahoo.com,1,104,223,3,1,0,3,1
2025-08-14,12:56,udec.edu.co,0,47,1247,0,0,0,0,0
2024-09-02,17:35,yahoo.com,1,42,1709,0,1,1,1,0
2025-08-18,16:10,hotmail.com,1,22,393,3,1,0,3,1
2025-03-05,08:31,hotmail.com,1,42,818,0,0,1,0,0
2025-07-16,04:42,hotmail.com,1,23,238,0,1,0,1,1
2024-11-02,23:34,yahoo.com,1,110,238,4,0,0,1,1
2025-08-13,01:35,multired.com.co,0,54,489,0,0,0,0,0
2025-01-20,14:29,multired.com.co,0,35,629,0,0,0,0,0
2024-09-28,11:16,multired.com.co,0,51,884,1,0,0,0,0
2024-09-26,09:20,startup.io,0,29,536,0,0,0,0,0
2025-05-11,14:15,gmail.com,1,13,435,4,1,0,2,1
2025-02-24,14:12,outlook.com,1,25,955,2,1,0,3,1
2025-05-22,03:23,hotmail.com,1,99,324,1,1,0,3,1
2025-04-29,04:50,outlook.com,1,26,900,2,1,0,2,1
2025-02-15,17:57,tienda.com.co,0,28,478,1,1,0,0,0
2024-12-23,04:04,proveedor.co,0,42,976,2,1,0,2,1
2025-08-14,23:56,outlook.com,1,30,1071,1,0,0,5,1
2025-05-07,22:54,tienda.com.co,0,42,292,0,1,0,2,1
2025-05-09,23:45,proton.me,1,32,229,3,0,0,2,1
2024-10-18,04:52,startup.io,0,53,436,0,0,0,0,0
2024-11-10,03:04,outlook.com,1,14,240,2,1,1,2,1
2025-08-16,10:37,startup.io,0,52,845,0,0,1,1,0
2025-01-28,14:26,tienda.com.co,0,42,234,0,0,1,0,0
2025-08-06,08:08,empresa.com,0,48,995,1,0,1,0,0
2025-02-05,16:24,multired.com.co,0,30,543,0,1,0,0,0
2025-04-06,23:37,startup.io,0,27,1260,1,0,0,0,0
2025-05-08,17:31,hotmail.com,1,50,707,0,1,0,0,0
2025-06-11,22:24,multired.com.co,0,36,1436,6,1,0,0,1
2025-03-13,12:45,gmail.com,1,24,723,0,1,0,0,0
2024-12-12,16:20,outlook.com,1,25,801,2,0,0,0,0
2024-09-22,10:53,yahoo.com,1,28,381,1,1,0,6,1
2024-11-27,21:21,banco.com.co,0,14,430,4,1,0,1,1
2025-06-12,20:47,outlook.com,1,27,354,1,1,0,3,1
2024-12-18,09:51,proveedor.co,0,111,281,1,1,1,2,1
2024-12-27,20:30,outlook.com,1,52,390,2,1,0,2,1
2025-02-26,11:40,startup.io,0,41,909,0,0,0,0,0
2024-12-07,23:53,startup.io,0,25,786,0,0,0,0,0
2024-11-30,11:42,proveedor.co,0,28,693,0,0,0,0,0
2024-10-20,22:29,gmail.com,1,65,989,0,0,0,0,0
2024-09-17,22:03,hotmail.com,1,80,230,0,0,0,3,1
2024-12-13,21:07,proton.me,1,20,1754,1,1,0,5,1
2025-07-05,04:47,proton.me,1,96,329,3,1,1,1,1
2025-01-06,12:23,hotmail.com,1,55,1024,3,1,0,6,1
2025-05-19,15:54,banco.com.co,0,61,535,0,0,0,0,0
2024-10-16,15:03,multired.com.co,0,21,614,1,0,1,1,0
2025-07-21,08:46,hotmail.com,1,87,1282,2,1,0,3,1
2025-07-30,13:00,outlook.com,1,57,1185,1,1,0,3,1
2024-11-14,23:41,hotmail.com,1,36,215,4,1,0,5,1
2025-04-24,12:08,gobierno.gov.co,0,39,1057,0,0,0,0,0
2024-09-06,16:50,multired.com.co,0,25,401,0,0,0,0,0
2025-07-19,08:00,udec.edu.co,0,26,767,0,1,1,0,0
2025-03-19,06:12,multired.com.co,0,63,1196,0,0,0,0,0
2024-11-27,12:14,startup.io,0,30,1090,0,0,0,0,0
2025-06-24,11:57,outlook.com,1,73,50,2,1,1,2,1
2024-10-29,14:54,startup.io,0,16,625,1,0,0,1,0
2025-07-03,08:17,yahoo.com,1,67,831,0,0,0,0,0
2025-07-28,20:42,hotmail.com,1,8,250,2,0,0,4,1
2024-09-02,05:36,tienda.com.co,0,42,984,0,0,0,0,0
2024-09-27,02:18,gmail.com,1,57,648,0,1,1,3,1
2024-10-17,13:19,gobierno.gov.co,0,31,1327,0,0,0,0,0
2025-01-20,23:24,udec.edu.co,0,63,619,1,0,1,0,0
2024-09-29,02:23,hotmail.com,1,55,398,0,1,0,3,1
2024-10-18,08:52,outlook.com,1,11,1124,2,0,0,4,1
2025-08-25,11:25,outlook.com,1,76,812,2,0,0,2,1
2025-08-09,14:32,tienda.com.co,0,35,1250,1,1,0,1,1
2024-12-24,12:18,tienda.com.co,0,18,1259,0,0,1,0,0
2025-05-28,10:01,proton.me,1,48,776,0,0,1,0,0
2025-05-04,15:07,gobierno.gov.co,0,37,785,1,0,0,0,0
2024-12-15,16:21,proton.me,1,28,936,0,0,1,2,0
2025-02-06,07:12,empresa.com,0,34,325,1,1,0,2,1
2024-12-19,13:40,empresa.com,0,59,435,0,1,0,0,0
2024-12-27,13:45,udec.edu.co,0,28,809,0,0,0,3,1
2025-06-29,11:03,udec.edu.co,0,46,1140,0,0,0,0,0
2024-12-07,06:20,hotmail.com,1,25,120,2,1,0,1,1
2025-05-29,22:04,tienda.com.co,0,35,196,2,1,0,2,1
2025-05-30,15:34,gobierno.gov.co,0,55,568,1,0,0,1,0
2025-07-02,15:55,tienda.com.co,0,57,466,0,1,0,0,0
2025-08-09,22:23,startup.io,0,46,162,1,0,1,1,0
2024-12-26,03:30,startup.io,0,85,436,5,1,0,2,1
2025-01-13,21:06,gmail.com,1,63,330,2,1,0,2,1
2024-12-22,20:13,gmail.com,1,25,1153,1,0,0,4,1
2025-01-14,12:02,startup.io,0,37,808,1,0,1,0,0
2025-01-20,12:05,multired.com.co,0,70,215,2,1,0,2,1
2024-10-06,23:40,hotmail.com,1,19,1787,1,0,0,2,1
2024-10-29,14:21,empresa.com,0,53,788,0,0,0,0,0
2025-07-01,22:13,outlook.com,1,24,123,6,1,0,2,1
2025-07-27,17:57,outlook.com,1,17,1018,0,0,0,0,0
2025-07-23,03:11,proton.me,1,117,141,3,1,0,2,1
2025-04-02,17:59,udec.edu.co,0,51,962,1,0,0,0,0
2025-03-31,09:05,gobierno.gov.co,0,7,79,3,0,0,2,1
2025-03-12,22:28,udec.edu.co,0,61,322,0,1,1,0,0
2024-10-21,20:09,proveedor.co,0,160,232,2,1,0,4,1
2025-05-31,15:54,gmail.com,1,40,545,2,0,0,2,1
2024-12-23,12:39,hotmail.com,1,8,646,5,0,1,2,1
2025-03-12,20:36,proton.me,1,30,356,1,1,0,1,1
2024-09-21,21:37,yahoo.com,1,38,1716,0,1,0,1,1
2025-02-09,16:39,startup.io,0,95,1777,1,0,1,3,1
2024-09-07,09:35,gmail.com,1,27,1358,1,1,0,1,1
2025-02-11,22:12,gmail.com,1,104,1317,1,1,0,2,1
2025-03-05,11:40,proveedor.co,0,39,1026,1,1,1,0,0
2025-01-04,22:01,empresa.com,0,127,350,1,1,0,1,1
2024-12-31,14:26,outlook.com,1,59,343,3,1,0,2,1
2025-07-20,03:24,tienda.com.co,0,86,306,2,1,0,1,1
2025-02-21,13:28,gmail.com,1,38,1170,0,1,0,0,0
2025-08-16,17:04,proveedor.co,0,67,854,0,0,0,0,0
2025-08-19,09:52,gmail.com,1,38,1097,3,1,0,7,1
2024-12-25,21:19,gmail.com,1,67,718,0,0,0,1,0
2025-04-21,17:39,hotmail.com,1,51,253,2,1,0,5,1
2025-01-17,05:35,outlook.com,1,43,748,1,0,0,0,0
2025-06-08,04:12,proveedor.co,0,106,218,2,1,0,3,1
2025-02-25,10:48,proton.me,1,39,1777,1,0,0,1,1
2024-10-13,23:15,yahoo.com,1,18,1042,4,1,0,1,1
2025-08-06,12:53,proveedor.co,0,34,341,4,1,0,0,1
2025-06-03,15:37,banco.com.co,0,56,682,1,0,1,1,0
2025-03-16,06:55,startup.io,0,52,842,0,0,0,0,0
2025-07-19,16:36,yahoo.com,1,22,278,3,1,0,4,1
2025-05-05,23:49,gmail.com,1,24,329,2,1,0,2,1
2025-08-03,17:23,proton.me,1,72,563,0,0,1,0,0
2025-06-15,14:48,multired.com.co,0,55,938,1,0,1,0,0
2025-04-02,10:10,outlook.com,1,24,277,0,0,0,3,1
2025-02-05,13:04,outlook.com,1,64,739,1,0,0,0,0
2024-12-15,14:34,proton.me,1,50,1127,0,0,1,1,0
2025-08-25,20:02,hotmail.com,1,22,806,1,1,1,3,1
2024-12-09,09:25,udec.edu.co,0,12,525,0,1,1,0,0
2025-03-10,08:07,proveedor.co,0,34,983,1,0,0,0,0
2025-06-12,23:46,yahoo.com,1,51,1798,0,1,0,1,1
2025-03-30,17:11,yahoo.com,1,14,198,3,1,0,0,1
2025-08-19,16:03,gobierno.gov.co,0,45,637,0,1,1,2,0
2024-11-22,13:14,yahoo.com,1,37,322,2,1,0,5,1
2024-12-05,17:11,banco.com.co,0,32,1027,1,0,0,0,0
2024-11-06,15:32,yahoo.com,1,106,210,1,1,0,1,1
2025-05-24,16:08,empresa.com,0,20,96,0,1,1,0,0
2025-01-28,23:45,gmail.com,1,43,809,0,1,0,0,0
2025-07-18,14:29,startup.io,0,56,1482,2,1,1,0,0
2025-03-24,02:59,proveedor.co,0,56,881,0,0,1,0,0
2024-09-05,11:47,outlook.com,1,53,1287,1,1,0,0,0
2025-03-27,13:55,proton.me,1,43,517,0,0,1,1,0
2025-01-25,01:07,proveedor.co,0,36,847,0,1,1,0,0
2024-10-13,23:26,tienda.com.co,0,7,254,3,1,0,5,1
2025-01-24,04:17,outlook.com,1,28,836,1,1,0,0,1
2025-08-26,08:47,empresa.com,0,78,799,1,0,1,1,0
2024-11-01,20:10,udec.edu.co,0,54,50,3,0,0,2,1
2025-03-25,08:30,tienda.com.co,0,37,1244,1,0,0,0,0
2024-11-23,21:37,gmail.com,1,37,344,2,0,0,2,1
2025-03-27,12:25,proveedor.co,0,20,692,0,0,1,0,0
2024-11-11,11:05,udec.edu.co,0,34,435,0,0,0,1,0
2025-07-26,12:11,proveedor.co,0,124,1585,2,0,0,1,1
2025-02-11,22:43,startup.io,0,39,1541,1,1,0,0,1
2024-09-06,09:09,udec.edu.co,0,43,651,1,0,0,0,0
2025-08-13,16:47,gmail.com,1,48,940,0,1,1,0,0
2025-03-12,09:37,proton.me,1,33,956,1,1,1,0,0
2025-08-27,13:59,startup.io,0,39,901,1,0,0,0,0
2024-12-09,17:57,udec.edu.co,0,65,269,0,1,1,4,1
2025-07-11,08:23,gobierno.gov.co,0,36,416,0,0,0,0,0
2025-03-08,17:07,yahoo.com,1,71,688,2,1,0,2,1
2025-03-18,00:53,yahoo.com,1,91,270,3,1,0,3,1
2025-08-27,12:38,udec.edu.co,0,26,552,0,0,1,0,0
2025-03-24,08:02,yahoo.com,1,48,930,1,0,1,0,0
2025-02-11,15:30,tienda.com.co,0,32,820,0,0,1,0,0
2025-01-14,12:23,proveedor.co,0,53,705,0,1,0,0,0
2024-11-06,13:56,banco.com.co,0,43,707,0,0,0,0,0
2025-06-15,15:53,multired.com.co,0,19,607,2,1,0,0,1
2025-02-27,12:55,yahoo.com,1,63,1435,0,0,0,0,0
2025-07-17,13:01,udec.edu.co,0,43,567,1,1,0,1,0
2025-07-27,15:58,startup.io,0,18,1223,0,0,0,0,0
2024-11-02,23:14,proton.me,1,87,139,0,1,1,0,1
2024-11-11,20:24,outlook.com,1,96,284,1,0,0,1,1
2024-09-07,20:52,gmail.com,1,20,300,0,1,1,1,1
2025-01-18,20:03,outlook.com,1,29,1590,3,1,0,3,1
2025-06-29,14:21,hotmail.com,1,66,182,1,1,1,2,1
2024-10-06,06:39,outlook.com,1,59,917,1,0,1,0,0
2024-09-21,15:04,gmail.com,1,21,512,1,0,0,3,1
2025-07-12,11:48,proveedor.co,0,67,850,1,0,0,0,0
2024-12-09,13:51,multired.com.co,0,51,935,0,0,0,0,0
2024-11-28,23:46,gmail.com,1,28,307,1,1,0,3,1
2025-06-19,14:34,proton.me,1,25,215,0,0,1,1,0
2025-03-04,15:06,udec.edu.co,0,50,692,0,0,0,0,0
2025-07-16,23:53,hotmail.com,1,20,98,5,0,0,1,1
2024-10-20,12:39,empresa.com,0,41,347,1,0,0,0,0
2024-10-26,10:35,outlook.com,1,67,624,0,0,0,0,0
2025-07-08,12:50,proton.me,1,36,1362,6,0,0,2,1
2025-05-02,03:30,proton.me,1,50,289,0,0,0,0,0
2025-02-13,03:11,empresa.com,0,78,278,2,1,1,2,1
2024-10-26,21:14,hotmail.com,1,63,715,1,1,0,2,1
2025-03-03,00:27,banco.com.co,0,80,1162,2,1,0,3,1
2025-03-28,16:44,multired.com.co,0,46,1083,0,0,0,0,0
2025-05-21,04:21,proton.me,1,32,1368,1,1,0,0,1
2024-10-30,21:02,udec.edu.co,0,23,206,0,0,1,1,0
2024-12-30,08:36,udec.edu.co,0,35,1081,0,1,1,0,0
2025-02-26,23:43,hotmail.com,1,54,1067,0,0,1,0,0
2025-07-05,11:18,proton.me,1,30,747,0,1,1,0,0
2024-10-06,14:04,udec.edu.co,0,57,1014,0,0,1,0,0
2025-05-22,12:12,startup.io,0,36,970,1,1,1,0,0
2024-12-06,13:02,tienda.com.co,0,37,1380,2,0,0,0,1
2025-06-30,02:50,gobierno.gov.co,0,5,225,1,1,0,0,1
2024-11-20,11:17,gmail.com,1,53,714,1,0,0,3,1
2025-03-09,05:02,hotmail.com,1,74,264,1,0,0,3,1
2025-03-24,01:20,hotmail.com,1,83,115,2,1,0,0,1
2025-08-09,10:34,gmail.com,1,49,793,1,0,1,0,0
2025-05-25,11:24,proveedor.co,0,46,223,0,0,0,1,0
2025-02-12,10:55,proton.me,1,55,874,0,1,0,0,0
2025-04-19,10:14,proton.me,1,64,774,0,1,1,1,0
2025-05-17,08:28,udec.edu.co,0,53,892,0,0,0,0,0
2025-07-26,01:32,proton.me,1,26,448,1,1,0,4,1
2025-04-15,17:19,empresa.com,0,41,917,0,0,0,0,0
2025-06-03,21:34,gmail.com,1,61,343,0,1,1,2,1
2024-09-19,23:18,empresa.com,0,32,343,3,1,0,3,1
2024-09-12,11:46,gmail.com,1,39,170,3,1,0,1,0
2024-11-29,11:23,gobierno.gov.co,0,87,890,1,0,0,0,0
2025-06-29,09:07,startup.io,0,24,601,0,0,1,0,0
2025-08-27,04:39,hotmail.com,1,32,1175,5,1,0,4,1
2025-07-30,13:46,gmail.com,1,68,461,0,0,0,0,0
2025-03-29,15:14,proton.me,1,37,1115,1,1,0,0,0
2025-04-13,08:54,yahoo.com,1,36,394,1,1,1,4,1
2025-01-22,15:51,multired.com.co,0,42,581,0,0,0,1,0
2024-12-30,13:39,gobierno.gov.co,0,63,764,0,1,0,0,0
2024-11-25,10:25,startup.io,0,85,323,4,1,0,2,1
2025-01-25,20:12,tienda.com.co,0,30,897,0,0,0,0,0
2025-08-08,00:40,multired.com.co,0,32,1141,1,0,1,1,1
